"filename", "language", "Java Properties", "XML", "JSON", "Batch", "Java", "Markdown", "comment", "blank", "total"
"d:\BACKUP_UBUNTU_PROFILE\develop\simple_bank\.mvn\wrapper\maven-wrapper.properties", "Java Properties", 2, 0, 0, 0, 0, 0, 0, 1, 3
"d:\BACKUP_UBUNTU_PROFILE\develop\simple_bank\Bank.postman_collection.json", "JSON", 0, 0, 311, 0, 0, 0, 0, 0, 311
"d:\BACKUP_UBUNTU_PROFILE\develop\simple_bank\README.md", "Markdown", 0, 0, 0, 0, 0, 196, 0, 90, 286
"d:\BACKUP_UBUNTU_PROFILE\develop\simple_bank\mvnw.cmd", "Batch", 0, 0, 0, 102, 0, 0, 51, 36, 189
"d:\BACKUP_UBUNTU_PROFILE\develop\simple_bank\pom.xml", "XML", 0, 91, 0, 0, 0, 0, 19, 17, 127
"d:\BACKUP_UBUNTU_PROFILE\develop\simple_bank\src\main\java\com\inrip\bank\SimpleBankApplication.java", "Java", 0, 0, 0, 0, 15, 0, 0, 8, 23
"d:\BACKUP_UBUNTU_PROFILE\develop\simple_bank\src\main\java\com\inrip\bank\common\SimpleBankConstants.java", "Java", 0, 0, 0, 0, 43, 0, 3, 8, 54
"d:\BACKUP_UBUNTU_PROFILE\develop\simple_bank\src\main\java\com\inrip\bank\common\SimpleBankRequestMappings.java", "Java", 0, 0, 0, 0, 12, 0, 8, 7, 27
"d:\BACKUP_UBUNTU_PROFILE\develop\simple_bank\src\main\java\com\inrip\bank\common\SimpleBankUtils.java", "Java", 0, 0, 0, 0, 53, 0, 0, 9, 62
"d:\BACKUP_UBUNTU_PROFILE\develop\simple_bank\src\main\java\com\inrip\bank\config\ApplicationListenerInitialize.java", "Java", 0, 0, 0, 0, 21, 0, 28, 10, 59
"d:\BACKUP_UBUNTU_PROFILE\develop\simple_bank\src\main\java\com\inrip\bank\config\WebSecurityConfig.java", "Java", 0, 0, 0, 0, 48, 0, 34, 10, 92
"d:\BACKUP_UBUNTU_PROFILE\develop\simple_bank\src\main\java\com\inrip\bank\controller\AccountController.java", "Java", 0, 0, 0, 0, 61, 0, 25, 24, 110
"d:\BACKUP_UBUNTU_PROFILE\develop\simple_bank\src\main\java\com\inrip\bank\controller\AuthenticationController.java", "Java", 0, 0, 0, 0, 44, 0, 0, 11, 55
"d:\BACKUP_UBUNTU_PROFILE\develop\simple_bank\src\main\java\com\inrip\bank\controller\DebugController.java", "Java", 0, 0, 0, 0, 71, 0, 12, 16, 99
"d:\BACKUP_UBUNTU_PROFILE\develop\simple_bank\src\main\java\com\inrip\bank\controller\UserController.java", "Java", 0, 0, 0, 0, 22, 0, 0, 5, 27
"d:\BACKUP_UBUNTU_PROFILE\develop\simple_bank\src\main\java\com\inrip\bank\controller\exceptions\DuplicateUserNameException.java", "Java", 0, 0, 0, 0, 14, 0, 0, 5, 19
"d:\BACKUP_UBUNTU_PROFILE\develop\simple_bank\src\main\java\com\inrip\bank\controller\exceptions\ResourceNotFoundException.java", "Java", 0, 0, 0, 0, 24, 0, 0, 8, 32
"d:\BACKUP_UBUNTU_PROFILE\develop\simple_bank\src\main\java\com\inrip\bank\controller\exceptions\SimpleBankBadRequestException.java", "Java", 0, 0, 0, 0, 13, 0, 0, 6, 19
"d:\BACKUP_UBUNTU_PROFILE\develop\simple_bank\src\main\java\com\inrip\bank\controller\exceptions\SimpleBankHTTPException.java", "Java", 0, 0, 0, 0, 44, 0, 0, 17, 61
"d:\BACKUP_UBUNTU_PROFILE\develop\simple_bank\src\main\java\com\inrip\bank\controller\exceptions\SimpleBankHttpAcceptException.java", "Java", 0, 0, 0, 0, 16, 0, 3, 3, 22
"d:\BACKUP_UBUNTU_PROFILE\develop\simple_bank\src\main\java\com\inrip\bank\controller\exceptions\SimpleBankNotFoundException.java", "Java", 0, 0, 0, 0, 13, 0, 0, 7, 20
"d:\BACKUP_UBUNTU_PROFILE\develop\simple_bank\src\main\java\com\inrip\bank\controller\handlers\SimpleBankHTTPResponseHandler.java", "Java", 0, 0, 0, 0, 195, 0, 3, 87, 285
"d:\BACKUP_UBUNTU_PROFILE\develop\simple_bank\src\main\java\com\inrip\bank\dto\AccountRequestDTO.java", "Java", 0, 0, 0, 0, 44, 0, 4, 11, 59
"d:\BACKUP_UBUNTU_PROFILE\develop\simple_bank\src\main\java\com\inrip\bank\dto\AccountResponseDTO.java", "Java", 0, 0, 0, 0, 48, 0, 4, 12, 64
"d:\BACKUP_UBUNTU_PROFILE\develop\simple_bank\src\main\java\com\inrip\bank\dto\AccountTransactionRequestDTO.java", "Java", 0, 0, 0, 0, 99, 0, 4, 18, 121
"d:\BACKUP_UBUNTU_PROFILE\develop\simple_bank\src\main\java\com\inrip\bank\dto\AccountTransactionResponseDTO.java", "Java", 0, 0, 0, 0, 83, 0, 4, 17, 104
"d:\BACKUP_UBUNTU_PROFILE\develop\simple_bank\src\main\java\com\inrip\bank\dto\AccountTransactionStatusRequestDTO.java", "Java", 0, 0, 0, 0, 42, 0, 10, 8, 60
"d:\BACKUP_UBUNTU_PROFILE\develop\simple_bank\src\main\java\com\inrip\bank\dto\AccountTransactionStatusResponseDTO.java", "Java", 0, 0, 0, 0, 72, 0, 16, 16, 104
"d:\BACKUP_UBUNTU_PROFILE\develop\simple_bank\src\main\java\com\inrip\bank\dto\AuthToken.java", "Java", 0, 0, 0, 0, 15, 0, 0, 6, 21
"d:\BACKUP_UBUNTU_PROFILE\develop\simple_bank\src\main\java\com\inrip\bank\dto\LoginUser.java", "Java", 0, 0, 0, 0, 17, 0, 0, 7, 24
"d:\BACKUP_UBUNTU_PROFILE\develop\simple_bank\src\main\java\com\inrip\bank\model\Account.java", "Java", 0, 0, 0, 0, 47, 0, 14, 19, 80
"d:\BACKUP_UBUNTU_PROFILE\develop\simple_bank\src\main\java\com\inrip\bank\model\AccountTransaction.java", "Java", 0, 0, 0, 0, 80, 0, 23, 34, 137
"d:\BACKUP_UBUNTU_PROFILE\develop\simple_bank\src\main\java\com\inrip\bank\model\User.java", "Java", 0, 0, 0, 0, 41, 0, 0, 16, 57
"d:\BACKUP_UBUNTU_PROFILE\develop\simple_bank\src\main\java\com\inrip\bank\repository\AccountRepository.java", "Java", 0, 0, 0, 0, 10, 0, 9, 6, 25
"d:\BACKUP_UBUNTU_PROFILE\develop\simple_bank\src\main\java\com\inrip\bank\repository\AccountTransactionRepository.java", "Java", 0, 0, 0, 0, 14, 0, 9, 7, 30
"d:\BACKUP_UBUNTU_PROFILE\develop\simple_bank\src\main\java\com\inrip\bank\repository\UserRepository.java", "Java", 0, 0, 0, 0, 6, 0, 0, 3, 9
"d:\BACKUP_UBUNTU_PROFILE\develop\simple_bank\src\main\java\com\inrip\bank\security\JwtAuthenticationEntryPoint.java", "Java", 0, 0, 0, 0, 17, 0, 0, 5, 22
"d:\BACKUP_UBUNTU_PROFILE\develop\simple_bank\src\main\java\com\inrip\bank\security\JwtAuthenticationFilter.java", "Java", 0, 0, 0, 0, 67, 0, 0, 15, 82
"d:\BACKUP_UBUNTU_PROFILE\develop\simple_bank\src\main\java\com\inrip\bank\security\JwtTokenUtil.java", "Java", 0, 0, 0, 0, 67, 0, 0, 23, 90
"d:\BACKUP_UBUNTU_PROFILE\develop\simple_bank\src\main\java\com\inrip\bank\service\accountTransactionStatus\AccountTransactionStatusService.java", "Java", 0, 0, 0, 0, 7, 0, 4, 3, 14
"d:\BACKUP_UBUNTU_PROFILE\develop\simple_bank\src\main\java\com\inrip\bank\service\accountTransactionStatus\AccountTransactionStatusServiceImpl.java", "Java", 0, 0, 0, 0, 80, 0, 18, 30, 128
"d:\BACKUP_UBUNTU_PROFILE\develop\simple_bank\src\main\java\com\inrip\bank\service\accountTransaction\AccountTransactionLogicalValidator.java", "Java", 0, 0, 0, 0, 10, 0, 22, 8, 40
"d:\BACKUP_UBUNTU_PROFILE\develop\simple_bank\src\main\java\com\inrip\bank\service\accountTransaction\AccountTransactionService.java", "Java", 0, 0, 0, 0, 13, 0, 4, 4, 21
"d:\BACKUP_UBUNTU_PROFILE\develop\simple_bank\src\main\java\com\inrip\bank\service\accountTransaction\AccountTransactionServiceImpl.java", "Java", 0, 0, 0, 0, 140, 0, 48, 43, 231
"d:\BACKUP_UBUNTU_PROFILE\develop\simple_bank\src\main\java\com\inrip\bank\service\accountTransaction\AccountTransactionStatusLogicalValidator.java", "Java", 0, 0, 0, 0, 194, 0, 93, 42, 329
"d:\BACKUP_UBUNTU_PROFILE\develop\simple_bank\src\main\java\com\inrip\bank\service\accountTransaction\AccountTransactionTransformer.java", "Java", 0, 0, 0, 0, 34, 0, 11, 11, 56
"d:\BACKUP_UBUNTU_PROFILE\develop\simple_bank\src\main\java\com\inrip\bank\service\account\AccountLogicalValidator.java", "Java", 0, 0, 0, 0, 35, 0, 26, 10, 71
"d:\BACKUP_UBUNTU_PROFILE\develop\simple_bank\src\main\java\com\inrip\bank\service\account\AccountService.java", "Java", 0, 0, 0, 0, 10, 0, 0, 4, 14
"d:\BACKUP_UBUNTU_PROFILE\develop\simple_bank\src\main\java\com\inrip\bank\service\account\AccountServiceImpl.java", "Java", 0, 0, 0, 0, 74, 0, 11, 29, 114
"d:\BACKUP_UBUNTU_PROFILE\develop\simple_bank\src\main\java\com\inrip\bank\service\account\AccountTransformer.java", "Java", 0, 0, 0, 0, 27, 0, 8, 11, 46
"d:\BACKUP_UBUNTU_PROFILE\develop\simple_bank\src\main\java\com\inrip\bank\service\auth\SimpleBankAuthService.java", "Java", 0, 0, 0, 0, 4, 0, 3, 4, 11
"d:\BACKUP_UBUNTU_PROFILE\develop\simple_bank\src\main\java\com\inrip\bank\service\auth\SimpleBankAuthServiceImpl.java", "Java", 0, 0, 0, 0, 25, 0, 4, 9, 38
"d:\BACKUP_UBUNTU_PROFILE\develop\simple_bank\src\main\java\com\inrip\bank\service\auth\SimpleBankSecurityInterceptor.java", "Java", 0, 0, 0, 0, 45, 0, 4, 22, 71
"d:\BACKUP_UBUNTU_PROFILE\develop\simple_bank\src\main\java\com\inrip\bank\service\user\UserService.java", "Java", 0, 0, 0, 0, 6, 0, 0, 3, 9
"d:\BACKUP_UBUNTU_PROFILE\develop\simple_bank\src\main\java\com\inrip\bank\service\user\UserServiceImpl.java", "Java", 0, 0, 0, 0, 46, 0, 0, 14, 60
"d:\BACKUP_UBUNTU_PROFILE\develop\simple_bank\src\main\resources\application.properties", "Java Properties", 13, 0, 0, 0, 0, 0, 6, 5, 24
"d:\BACKUP_UBUNTU_PROFILE\develop\simple_bank\src\test\java\com\inrip\bank\SimpleBankApplicationTestsIT.java", "Java", 0, 0, 0, 0, 620, 0, 242, 174, 1036
"d:\BACKUP_UBUNTU_PROFILE\develop\simple_bank\src\test\java\com\inrip\bank\common\UtilTest.java", "Java", 0, 0, 0, 0, 106, 0, 19, 18, 143
"Total", "-", 15, 91, 311, 102, 2954, 196, 806, 1052, 5527